type,day,txn_count,txn_value
CASH_IN,1.0,124026,21238119433.1
CASH_OUT,1.0,204397,37494515023.430016
DEBIT,1.0,4470,27922583.499999996
PAYMENT,1.0,194676,2192430026.0199943
TRANSFER,1.0,46686,31178878559.600006
CASH_IN,2.0,99707,16815829535.359991
CASH_OUT,2.0,164605,30174273583.15001
DEBIT,2.0,2510,12664019.27999999
PAYMENT,2.0,150147,1661093173.179999
TRANSFER,2.0,38269,22574782086.190006
CASH_IN,3.0,137,23705176.780000005
CASH_OUT,3.0,240,210208801.74999994
DEBIT,3.0,24,31606.650000000005
PAYMENT,3.0,480,3127637.4299999964
TRANSFER,3.0,189,210011250.01999995
CASH_IN,4.0,4848,784294262.02
CASH_OUT,4.0,6252,1266226024.289999
DEBIT,4.0,340,2031923.85
PAYMENT,4.0,14286,126117840.07000023
TRANSFER,4.0,2514,1651877310.3600001
CASH_IN,5.0,1450,242178772.2099998
CASH_OUT,5.0,1769,421612593.09000057
DEBIT,5.0,194,933730.7199999999
PAYMENT,5.0,5470,49816138.15999992
TRANSFER,5.0,906,610592604.87
CASH_IN,6.0,99972,17379844610.76002
CASH_OUT,6.0,159596,29962552928.499966
DEBIT,6.0,2663,12385027.870000003
PAYMENT,6.0,142460,2021474975.7999938
TRANSFER,6.0,36314,24033728825.410015
CASH_IN,7.0,93735,15839130158.78997
CASH_OUT,7.0,151338,27521970690.450035
DEBIT,7.0,2539,13936392.760000004
PAYMENT,7.0,138250,1621642881.2700021
TRANSFER,7.0,34721,22074097461.500027
CASH_IN,8.0,99924,16683139677.330013
CASH_OUT,8.0,159368,27933095710.360046
DEBIT,8.0,2895,14967433.620000005
PAYMENT,8.0,149776,1631345214.3200016
TRANSFER,8.0,37674,23768050464.849987
CASH_IN,9.0,89361,14255385478.590073
CASH_OUT,9.0,147654,23897607194.14003
DEBIT,9.0,2128,7610290.79
PAYMENT,9.0,144781,1438059365.1499984
TRANSFER,9.0,33995,18469103069.75001
CASH_IN,10.0,85807,14692048873.299957
CASH_OUT,10.0,139113,25039530978.480137
DEBIT,10.0,2413,11245611.270000001
PAYMENT,10.0,132895,1921698781.239997
TRANSFER,10.0,32717,23525827932.730007
CASH_IN,11.0,91109,14978952974.810034
CASH_OUT,11.0,148021,24527038700.32006
DEBIT,11.0,2049,21471848.550000004
PAYMENT,11.0,142592,1656399391.6899996
TRANSFER,11.0,34088,19144798796.23
CASH_IN,12.0,74454,11448513498.550007
CASH_OUT,12.0,121504,18001297741.460068
DEBIT,12.0,2194,13188206.319999997
PAYMENT,12.0,123788,1407104595.3200035
TRANSFER,12.0,27836,27118394432.709976
CASH_IN,13.0,95840,16810218128.560024
CASH_OUT,13.0,151884,27505796082.750027
DEBIT,13.0,2626,15772032.32
PAYMENT,13.0,141460,2501188710.6899986
TRANSFER,13.0,36773,91840093137.62993
CASH_IN,14.0,87298,15310475051.39
CASH_OUT,14.0,138626,24833679745.22017
DEBIT,14.0,2881,16096044.889999997
PAYMENT,14.0,135173,2251686120.0700054
TRANSFER,14.0,33898,57625423333.210205
CASH_IN,15.0,89636,15187645482.760038
CASH_OUT,15.0,140175,24414977154.39984
DEBIT,15.0,3271,14946773.340000007
PAYMENT,15.0,134424,1971935186.7300005
TRANSFER,15.0,33776,35882860058.83999
CASH_IN,16.0,82591,14072988949.329985
CASH_OUT,16.0,131588,22830504394.169914
DEBIT,16.0,2414,13304412.249999998
PAYMENT,16.0,127445,1724076856.0599937
TRANSFER,16.0,31556,29249666860.59
CASH_IN,17.0,93494,16180255844.050007
CASH_OUT,17.0,152162,26218755453.929943
DEBIT,17.0,2878,16362774.359999992
PAYMENT,17.0,141614,2298056690.9800034
TRANSFER,17.0,35618,29536703239.48001
CASH_IN,18.0,5065,834857572.7599994
CASH_OUT,18.0,6201,1268186670.9699998
DEBIT,18.0,186,372801.07999999984
PAYMENT,18.0,7680,101076198.74000028
TRANSFER,18.0,1867,1507038056.7999961
CASH_IN,19.0,2709,420175723.27999985
CASH_OUT,19.0,3230,688469565.3299992
DEBIT,19.0,66,172813.10999999996
PAYMENT,19.0,4302,46224507.74999994
TRANSFER,19.0,993,781852933.6700011
CASH_IN,20.0,4366,768702632.4600018
CASH_OUT,20.0,6191,1168512872.610002
DEBIT,20.0,138,288523.99
PAYMENT,20.0,7081,81603483.98000005
TRANSFER,20.0,1951,1577265705.479999
CASH_IN,21.0,5634,958074265.3000013
CASH_OUT,21.0,7567,1435561947.4299943
DEBIT,21.0,112,2938376.0999999996
PAYMENT,21.0,8739,119200369.06999972
TRANSFER,21.0,2541,2324646363.74
CASH_IN,22.0,12005,1977852667.939996
CASH_OUT,22.0,16732,2925898069.920003
DEBIT,22.0,522,1721708.1800000004
PAYMENT,22.0,19381,283788030.53999984
TRANSFER,22.0,4797,4326018141.679995
CASH_IN,23.0,11552,1976997662.2100031
CASH_OUT,23.0,16132,2717095327.23001
DEBIT,23.0,409,1723238.2100000004
PAYMENT,23.0,18261,240197705.52999976
TRANSFER,23.0,4658,3258732064.7699924
CASH_IN,24.0,7417,1297385680.659997
CASH_OUT,24.0,10676,1978674043.0999954
DEBIT,24.0,196,1084193.8500000003
PAYMENT,24.0,11322,121904195.90000007
TRANSFER,24.0,3098,1844461256.5399995
CASH_IN,25.0,13088,2182680755.979991
CASH_OUT,25.0,19054,3165375700.6199813
DEBIT,25.0,491,1286473.7000000007
PAYMENT,25.0,19871,212364772.02999976
TRANSFER,25.0,5349,3615779625.530003
CASH_IN,26.0,3289,540132665.1200005
CASH_OUT,26.0,4214,795112322.8300002
DEBIT,26.0,110,338979.8999999999
PAYMENT,26.0,5028,51560574.25000017
TRANSFER,26.0,1244,841565164.230001
CASH_IN,27.0,2093,357315320.1500004
CASH_OUT,27.0,2834,693212330.8199996
DEBIT,27.0,30,38197.020000000004
PAYMENT,27.0,2733,35865484.779999904
TRANSFER,27.0,888,669837463.9900004
CASH_IN,28.0,3576,616923469.1400001
CASH_OUT,28.0,4229,935595788.0699978
DEBIT,28.0,96,289546.37
PAYMENT,28.0,5265,49402738.16000004
TRANSFER,28.0,1495,1404506496.020001
CASH_IN,29.0,12682,2102150748.5500011
CASH_OUT,29.0,17965,3262505549.9100084
DEBIT,29.0,462,1563235.8299999998
PAYMENT,29.0,18433,225535105.31999922
TRANSFER,29.0,5348,3765881812.460009
CASH_IN,30.0,2419,391416841.2200004
CASH_OUT,30.0,4047,912604519.8099997
DEBIT,30.0,125,510421.59999999974
PAYMENT,30.0,3682,47394388.14000003
TRANSFER,30.0,1014,643974235.3999999
CASH_OUT,31.0,136,212547715.95
TRANSFER,31.0,136,235538518.89000002
